SlotID,trial,Alignment,tester,sitID,sampleID,Wgcolor,Wgside,Operator,TP_blue,TP_green,TP_red,Meancontrast_blue,Meancontrast_green,Meancontrast_red,Centercontrast_blue,Centercontrast_green,Centercontrast_red,spatialuniformity_blue,spatialuniformity_green,spatialuniformity_red
Slot1,Repeat1,Manual,IQT5,11,Slot1_11_Red,Red,Right,KN,0.00304318,0.00570876,0.00710401,9.2,7.8,13.7,3.6,2.5,11.2,5,3.4,2.7
Slot1,Repeat1,Manual,IQT5,12,Slot1_12_Red,Red,Right,KN,0.00305202,0.00571672,0.00779079,6.5,9.2,15.1,1.7,3.4,13.5,6.2,4.2,3.7
Slot1,Repeat1,Manual,IQT5,21,Slot1_21_Red,Red,Right,KN,0.00371774,0.00576253,0.00822504,5.8,8.2,11,1.8,3.3,8,6.3,3.5,3
Slot1,Repeat1,Manual,IQT5,22,Slot1_22_Red,Red,Right,KN,0.00355897,0.0064358,0.00904266,6.1,8.2,9.4,4.1,3.5,6.5,5.3,3.7,2.6
Slot1,Repeat1,Manual,IQT5,31,Slot1_31_Red,Red,Right,KN,0.00311736,0.00534942,0.0085526,4.8,8.9,10.9,1.7,2.8,6.2,4.9,3.7,2.6
Slot1,Repeat1,Manual,IQT5,32,Slot1_32_Red,Red,Right,KN,0.0036452,0.0062893,0.0094685,5,7.6,14.6,1.8,3.1,6.5,6,4,3.9
Slot1,Repeat2,Manual,IQT5,11,Slot1_11_Red,Red,Right,KN,0.0030129,0.00564388,0.00703893,6.1,7.8,14.6,1.8,2.5,11.2,5.2,3.4,2.7
Slot1,Repeat2,Manual,IQT5,12,Slot1_12_Red,Red,Right,KN,0.00304611,0.00567445,0.00771468,6.1,9.4,15.6,1.5,3.4,13.3,6.2,4.2,3.7
Slot1,Repeat2,Manual,IQT5,21,Slot1_21_Red,Red,Right,KN,0.00370781,0.00570521,0.00813866,36,8.2,11.5,2.2,3.2,8.2,6.1,3.5,3
Slot1,Repeat2,Manual,IQT5,22,Slot1_22_Red,Red,Right,KN,0.00353727,0.0063877,0.00895095,5.9,8.4,9.6,1.8,3.3,6.4,5.4,3.6,2.6
Slot1,Repeat2,Manual,IQT5,31,Slot1_31_Red,Red,Right,KN,0.00309659,0.0053051,0.00847433,6.2,9.1,11.1,1.2,2.7,6.1,5,3.7,2.6
Slot1,Repeat2,Manual,IQT5,32,Slot1_32_Red,Red,Right,KN,0.00364514,0.00623807,0.00937949,5.5,7.7,15.2,2,3.1,6.5,6.1,4,3.9
Slot3,Repeat1,Manual,IQT5,11,Slot3_11_Red,Red,Right,KN,0.00293026,0.00590597,0.00705222,16,9,11.3,1.5,3.4,7.8,4.6,3.6,2.7
Slot3,Repeat1,Manual,IQT5,12,Slot3_12_Red,Red,Right,KN,0.00293212,0.00567766,0.00746205,5.6,8.3,12,2.1,3.2,8.3,5.8,4,3.4
Slot3,Repeat1,Manual,IQT5,21,Slot3_21_Red,Red,Right,KN,0.00365062,0.00597591,0.00843038,5.5,8.2,10.8,1.3,3.4,8.5,6.5,3.6,3
Slot3,Repeat1,Manual,IQT5,22,Slot3_22_Red,Red,Right,KN,0.00368554,0.00624008,0.00903758,10.7,4.9,10.6,1.8,1.9,5.4,5.6,3.4,2.5
Slot3,Repeat1,Manual,IQT5,31,Slot3_31_Red,Red,Right,KN,0.00287177,0.00525843,0.00769275,5.7,7.9,6.7,1.4,2.8,3.2,4.8,4,2.9
Slot3,Repeat1,Manual,IQT5,32,Slot3_32_Red,Red,Right,KN,0.00323682,0.00589801,0.00902132,3.6,7.1,12.5,1.7,2.9,4,5.3,4.2,3.4
Slot3,Repeat2,Manual,IQT5,11,Slot3_11_Red,Red,Right,KN,0.00292184,0.00589743,0.00704143,5.9,9,11.6,1.6,3.5,7.9,4.6,3.6,2.7
Slot3,Repeat2,Manual,IQT5,12,Slot3_12_Red,Red,Right,KN,0.00291945,0.00568475,0.00744966,5.6,8.3,12.2,1.6,3.1,8.4,5.8,4,3.4
Slot3,Repeat2,Manual,IQT5,21,Slot3_21_Red,Red,Right,KN,0.00364096,0.0059615,0.00842403,4.9,8.2,11,1.3,3.4,8.7,6.2,3.5,3
Slot3,Repeat2,Manual,IQT5,22,Slot3_22_Red,Red,Right,KN,0.00369133,0.00624453,0.00901914,4.8,4.9,10.8,1.8,1.9,5.4,5.5,3.5,2.5
Slot3,Repeat2,Manual,IQT5,31,Slot3_31_Red,Red,Right,KN,0.002869,0.00581178,0.00800275,3.2,7.2,5.9,1.9,2.4,2.3,4.9,4,2.9
Slot3,Repeat2,Manual,IQT5,32,Slot3_32_Red,Red,Right,KN,0.00324523,0.00590372,0.008999,5.9,7.3,12.5,2,2.9,4,5.3,4.2,3.4
Slot5,Repeat1,Manual,IQT5,11,Slot5_11_Red,Red,Right,KN,0.00298143,0.00578721,0.00688023,6.3,8.2,13.2,1.5,2.8,10.6,4.6,3.7,2.6
Slot5,Repeat1,Manual,IQT5,12,Slot5_12_Red,Red,Right,KN,0.00280697,0.00552462,0.00710659,5.7,7.9,13.5,1.7,2.8,8.8,6.3,4.1,3.5
Slot5,Repeat1,Manual,IQT5,21,Slot5_21_Red,Red,Right,KN,0.00355165,0.00589982,0.00813432,4.8,8.2,9.7,1.8,3,5.4,6,3.9,3.3
Slot5,Repeat1,Manual,IQT5,22,Slot5_22_Red,Red,Right,KN,0.00344703,0.00606807,0.00852912,4.2,6.6,9.6,1.3,2.6,7.3,6.2,3.7,3
Slot5,Repeat1,Manual,IQT5,31,Slot5_31_Red,Red,Right,KN,0.00351889,0.00580736,0.00861767,7.6,9.2,12.8,1.7,3,8.8,5.1,3.9,3.1
Slot5,Repeat1,Manual,IQT5,32,Slot5_32_Red,Red,Right,KN,0.00357895,0.00607357,0.00930217,7.7,9,18.5,3.2,3,11,5.5,4.4,3.6
Slot5,Repeat2,Manual,IQT5,11,Slot5_11_Red,Red,Right,KN,0.00292614,0.00571926,0.00691286,11.4,8.1,12.6,1.5,2.9,10.6,4.6,3.8,2.6
Slot5,Repeat2,Manual,IQT5,12,Slot5_12_Red,Red,Right,KN,0.00275222,0.00543869,0.00711637,5.2,7.6,13.2,1.4,2.8,8.8,5.8,4.2,3.5
Slot5,Repeat2,Manual,IQT5,21,Slot5_21_Red,Red,Right,KN,0.00344528,0.00578109,0.0081683,5,7.9,9.4,3,3,5.4,6.1,4,3.3
Slot5,Repeat2,Manual,IQT5,22,Slot5_22_Red,Red,Right,KN,0.00338195,0.00598868,0.0085407,3.8,6.5,9.3,1.9,2.8,7.2,6.2,3.7,3
Slot5,Repeat2,Manual,IQT5,31,Slot5_31_Red,Red,Right,KN,0.00339678,0.00581399,0.00859717,6.7,8,11.9,1.6,2.6,7.4,5.1,4,3.1
Slot5,Repeat2,Manual,IQT5,32,Slot5_32_Red,Red,Right,KN,0.00346812,0.00599195,0.00928841,7,8.4,16.8,2,3,7.6,5.4,4.5,3.6
Slot7,Repeat1,Manual,IQT5,11,Slot7_11_Red,Red,Right,KN,0.00285745,0.00555783,0.00717966,4.2,5.5,12.5,1.3,2.1,6.6,4.3,3.7,2.7
Slot7,Repeat1,Manual,IQT5,12,Slot7_12_Red,Red,Right,KN,0.00269493,0.00554269,0.00723699,5.7,9.3,14.9,3.3,3.5,10.3,5.2,4.3,3.6
Slot7,Repeat1,Manual,IQT5,21,Slot7_21_Red,Red,Right,KN,0.00361138,0.00561721,0.00811146,4.9,9.8,13.4,1.2,3,11.4,6,3.5,3.2
Slot7,Repeat1,Manual,IQT5,22,Slot7_22_Red,Red,Right,KN,0.00342716,0.00616685,0.00895917,4.1,6.7,12.7,1.5,2.6,9.4,5.2,3.8,2.9
Slot7,Repeat1,Manual,IQT5,31,Slot7_31_Red,Red,Right,KN,0.0032792,0.00544686,0.00847506,8,9.6,11.9,1.7,3,6.7,5.1,4,3.1
Slot7,Repeat1,Manual,IQT5,32,Slot7_32_Red,Red,Right,KN,0.00315039,0.00606585,0.00966759,7.4,8.6,17.6,1.4,2.9,13.3,5.1,4.2,3.4
Slot7,Repeat2,Manual,IQT5,11,Slot7_11_Red,Red,Right,KN,0.00284686,0.0055674,0.00719367,4.4,5.5,12.4,1.4,2.1,6.6,4.4,3.8,2.7
Slot7,Repeat2,Manual,IQT5,12,Slot7_12_Red,Red,Right,KN,0.00266621,0.00548739,0.0072323,5.5,9.1,13.9,2,3.5,10.3,5.1,4.3,3.7
Slot7,Repeat2,Manual,IQT5,21,Slot7_21_Red,Red,Right,KN,0.00359966,0.00554661,0.0081287,4.9,9.5,13.3,1.4,3,11.6,6.1,3.5,3.2
Slot7,Repeat2,Manual,IQT5,22,Slot7_22_Red,Red,Right,KN,0.00338782,0.00606203,0.00893504,4.1,6.6,12.6,1.5,2.6,9.3,5.3,3.8,2.9
Slot7,Repeat2,Manual,IQT5,31,Slot7_31_Red,Red,Right,KN,0.00321772,0.0053439,0.00846162,6.7,9.3,11.6,1.3,3.1,6.7,5.1,4,3.1
Slot7,Repeat2,Manual,IQT5,32,Slot7_32_Red,Red,Right,KN,0.00308409,0.00593771,0.00963642,5.4,8.3,17.5,1.4,2.8,13,5,4.2,3.4
Slot9,Repeat1,Manual,IQT5,11,Slot9_11_Red,Red,Right,KN,0.00284085,0.00525666,0.00653153,5,10.2,13.6,1.5,4.1,9,4.6,3.2,2.7
Slot9,Repeat1,Manual,IQT5,12,Slot9_12_Red,Red,Right,KN,0.00321424,0.00616516,0.00729854,4.7,8.9,12.5,1.6,3.8,8.5,5.1,3.8,3.2
Slot9,Repeat1,Manual,IQT5,21,Slot9_21_Red,Red,Right,KN,0.00317386,0.00522193,0.00754136,3.8,6.4,9.5,1.2,2.7,6,6.1,3.6,3
Slot9,Repeat1,Manual,IQT5,22,Slot9_22_Red,Red,Right,KN,0.00370355,0.00643521,0.00898062,5.5,7.1,11.7,1.7,3,8.4,5.6,3.3,2.8
Slot9,Repeat1,Manual,IQT5,31,Slot9_31_Red,Red,Right,KN,0.00286601,0.00514257,0.00847631,3.3,7.6,8.6,1.2,2.6,1.6,4.9,3.9,2.8
Slot9,Repeat1,Manual,IQT5,32,Slot9_32_Red,Red,Right,KN,0.00338981,0.00599342,0.00896116,5.7,9.4,15.4,1.9,3.2,9.4,5.5,4,3.6
Slot9,Repeat2,Manual,IQT5,11,Slot9_11_Red,Red,Right,KN,0.00267444,0.00488183,0.00631974,6.3,10.1,14,1.4,3.8,9,4.6,3.3,2.8
Slot9,Repeat2,Manual,IQT5,12,Slot9_12_Red,Red,Right,KN,0.00306219,0.00583935,0.00710567,5.3,9.2,12.8,2.6,3.6,8.4,5.2,3.7,3.3
Slot9,Repeat2,Manual,IQT5,21,Slot9_21_Red,Red,Right,KN,0.00300391,0.0048905,0.00737161,4.9,6.6,10.3,1.8,2.8,6.8,6,3.6,3
Slot9,Repeat2,Manual,IQT5,22,Slot9_22_Red,Red,Right,KN,0.00354958,0.00614746,0.00880611,5.4,7.1,11.8,2.9,2.8,8.2,5.6,3.3,2.8
Slot9,Repeat2,Manual,IQT5,31,Slot9_31_Red,Red,Right,KN,0.00276844,0.00490771,0.00834273,4,7.6,9,1.4,2.6,1.8,4.5,4,2.8
Slot9,Repeat2,Manual,IQT5,32,Slot9_32_Red,Red,Right,KN,0.00333352,0.00586411,0.00889384,5.8,9.1,15.5,1.6,3.1,9.6,5.2,4,3.6
Slot1,Repeat1,Manual,IQT5,11,Slot1_11_Red,Red,Right,AM,0.00297072,0.00554011,0.00696861,7.4,7.8,14.6,1.7,2.4,11.4,5.1,3.4,2.7
Slot1,Repeat1,Manual,IQT5,12,Slot1_12_Red,Red,Right,AM,0.00298792,0.00557093,0.00764069,8.9,9.4,16.1,2.2,3.3,13.1,6.3,4.2,3.7
Slot1,Repeat1,Manual,IQT5,21,Slot1_21_Red,Red,Right,AM,0.00363366,0.00557588,0.00805849,6,8.3,11.4,1.4,3.2,7.9,6.2,3.5,3
Slot1,Repeat1,Manual,IQT5,22,Slot1_22_Red,Red,Right,AM,0.00348239,0.00627984,0.00884872,12.2,8.5,9.8,1.8,3.3,6.3,5.4,3.6,2.6
Slot1,Repeat1,Manual,IQT5,31,Slot1_31_Red,Red,Right,AM,0.00304575,0.00517874,0.00838927,5.2,9,11.1,2,2.7,6.1,5,3.6,2.6
Slot1,Repeat1,Manual,IQT5,32,Slot1_32_Red,Red,Right,AM,0.00357786,0.00612611,0.00928865,4.7,7.8,15.3,1.9,3,6.6,5.9,4,3.9
Slot1,Repeat2,Manual,IQT5,11,Slot1_11_Red,Red,Right,AM,0.00296369,0.00560007,0.00706799,7.4,7.7,13.7,2.8,2.4,11.3,5,3.4,2.7
Slot1,Repeat2,Manual,IQT5,12,Slot1_12_Red,Red,Right,AM,0.00297423,0.00560064,0.00771813,11.6,9.1,15.1,1.6,3.4,13.3,6.1,4.2,3.7
Slot1,Repeat2,Manual,IQT5,21,Slot1_21_Red,Red,Right,AM,0.00361537,0.00560319,0.00815826,5.5,8,11.3,3.5,3.1,8.1,6.1,3.5,3
Slot1,Repeat2,Manual,IQT5,22,Slot1_22_Red,Red,Right,AM,0.00346246,0.0062813,0.00894235,9.5,8.2,9.4,2.2,3.4,6.6,5.3,3.7,2.6
Slot1,Repeat2,Manual,IQT5,31,Slot1_31_Red,Red,Right,AM,0.00302547,0.00517967,0.00848703,4.9,8.9,11,1.6,2.8,6.2,4.8,3.7,2.6
Slot1,Repeat2,Manual,IQT5,32,Slot1_32_Red,Red,Right,AM,0.00353324,0.00612154,0.00935698,4.6,7.5,14.7,2,3.2,6.6,6,4.1,3.9
Slot3,Repeat1,Manual,IQT5,11,Slot3_11_Red,Red,Right,AM,0.00287704,0.00583135,0.00705401,5.7,8.9,11.1,1.7,3.4,7.8,4.6,3.6,2.7
Slot3,Repeat1,Manual,IQT5,12,Slot3_12_Red,Red,Right,AM,0.00287326,0.00560391,0.00745658,5.6,8,12.2,1.3,3.2,8.5,5.8,4,3.4
Slot3,Repeat1,Manual,IQT5,21,Slot3_21_Red,Red,Right,AM,0.00361588,0.00588818,0.00840203,4.7,8.1,10.7,1.6,3.4,8.5,6.2,3.5,3
Slot3,Repeat1,Manual,IQT5,22,Slot3_22_Red,Red,Right,AM,0.00360213,0.00611849,0.0090164,4.3,4.8,10.4,2.8,1.9,5.4,5.6,3.5,2.5
Slot3,Repeat1,Manual,IQT5,31,Slot3_31_Red,Red,Right,AM,0.00281889,0.00580057,0.00802472,3.6,7.7,6,1.2,2.6,2.6,4.8,4,2.8
Slot3,Repeat1,Manual,IQT5,32,Slot3_32_Red,Red,Right,AM,0.00318369,0.00577921,0.00900072,21.9,6.9,12.1,1.6,2.9,4,5.2,4.2,3.4
Slot3,Repeat2,Manual,IQT5,11,Slot3_11_Red,Red,Right,AM,0.0028693,0.00583759,0.00705776,5.4,8.9,11,1.5,3.4,7.9,4.4,3.6,2.7
Slot3,Repeat2,Manual,IQT5,12,Slot3_12_Red,Red,Right,AM,0.00285727,0.00560186,0.00744891,5.2,8.1,12.3,2.2,3.2,8.5,5.5,4,3.4
Slot3,Repeat2,Manual,IQT5,21,Slot3_21_Red,Red,Right,AM,0.00358481,0.00588351,0.00839713,5.4,8.1,10.8,1.5,3.4,8.5,6.2,3.5,3
Slot3,Repeat2,Manual,IQT5,22,Slot3_22_Red,Red,Right,AM,0.00357148,0.00609851,0.00900278,4.3,4.8,10.5,1.4,1.9,5.5,5.6,3.5,2.5
Slot3,Repeat2,Manual,IQT5,31,Slot3_31_Red,Red,Right,AM,0.00280531,0.00577477,0.00800131,3.5,7.7,6.1,1.3,2.6,2.6,4.8,4,2.8
Slot3,Repeat2,Manual,IQT5,32,Slot3_32_Red,Red,Right,AM,0.00315389,0.00575267,0.00897711,3.4,7,12.4,1.5,3,4,5.1,4.2,3.4
Slot5,Repeat1,Manual,IQT5,11,Slot5_11_Red,Red,Right,AM,0.00291359,0.00568955,0.00687979,6.6,8.1,12.4,1.7,2.9,10.5,4.6,3.7,2.6
Slot5,Repeat1,Manual,IQT5,12,Slot5_12_Red,Red,Right,AM,0.00273502,0.00540109,0.00708484,5.2,7.8,13.4,4.4,2.7,9,6,4.2,3.5
Slot5,Repeat1,Manual,IQT5,21,Slot5_21_Red,Red,Right,AM,0.00342852,0.00572737,0.00811675,6,8,9.5,1.7,2.9,5.4,5.9,3.9,3.3
Slot5,Repeat1,Manual,IQT5,22,Slot5_22_Red,Red,Right,AM,0.00334417,0.00590526,0.00848746,4.2,6.6,9.5,1.7,2.7,7.3,6,3.7,3
Slot5,Repeat1,Manual,IQT5,31,Slot5_31_Red,Red,Right,AM,0.00338064,0.00577724,0.00854312,9,8.5,12.4,0.9,2.9,8.4,5.3,3.9,3.1
Slot5,Repeat1,Manual,IQT5,32,Slot5_32_Red,Red,Right,AM,0.00339588,0.00588085,0.00921257,6.9,8.4,17.6,1.6,2.9,7.6,5.6,4.4,3.6
Slot5,Repeat2,Manual,IQT5,11,Slot5_11_Red,Red,Right,AM,0.0028859,0.00563687,0.0068442,6.7,8.2,12.4,1.4,2.9,10.1,4.6,3.7,2.6
Slot5,Repeat2,Manual,IQT5,12,Slot5_12_Red,Red,Right,AM,0.00269179,0.00536144,0.00705576,4.6,7.8,13.1,1.3,2.8,8.8,6.1,4.2,3.6
Slot5,Repeat2,Manual,IQT5,21,Slot5_21_Red,Red,Right,AM,0.00338486,0.00568997,0.00808418,4.1,8.1,9.6,1.3,2.9,5.4,6,3.9,3.3
Slot5,Repeat2,Manual,IQT5,22,Slot5_22_Red,Red,Right,AM,0.00331794,0.00588505,0.00845397,3.6,6.6,9.6,1.2,2.7,7.3,6,3.7,3
Slot5,Repeat2,Manual,IQT5,31,Slot5_31_Red,Red,Right,AM,0.00334902,0.0057389,0.00851392,9.3,8.6,12.4,1.5,2.9,8.5,5.3,3.9,3.1
Slot5,Repeat2,Manual,IQT5,32,Slot5_32_Red,Red,Right,AM,0.0025999,0.0058756,0.00919582,6.2,8.5,17,1.3,3,7.7,28,4.4,3.6
Slot7,Repeat1,Manual,IQT5,11,Slot7_11_Red,Red,Right,AM,0.00285399,0.00566336,0.00723592,4.5,5.6,12.6,1.2,2.1,6.7,4.4,3.7,2.7
Slot7,Repeat1,Manual,IQT5,12,Slot7_12_Red,Red,Right,AM,0.0027323,0.00566592,0.00729646,8,9.6,14.1,2.5,3.9,10.4,5.4,4.3,3.6
Slot7,Repeat1,Manual,IQT5,21,Slot7_21_Red,Red,Right,AM,0.00365558,0.00572099,0.00816858,5.6,10.1,13,1.6,3.2,11.5,6.1,3.5,3.2
Slot7,Repeat1,Manual,IQT5,22,Slot7_22_Red,Red,Right,AM,0.00345753,0.0062662,0.00902295,4.1,6.8,12.7,1.5,2.6,9.4,5.3,3.8,2.8
Slot7,Repeat1,Manual,IQT5,31,Slot7_31_Red,Red,Right,AM,0.00328932,0.0055224,0.00852247,6.8,10,11.9,1.6,3.1,6.8,5.1,4,3.1
Slot7,Repeat1,Manual,IQT5,32,Slot7_32_Red,Red,Right,AM,0.00314625,0.00612843,0.00974772,4.5,8.8,17.7,1.2,2.9,13.3,4.9,4.1,3.4
Slot7,Repeat2,Manual,IQT5,11,Slot7_11_Red,Red,Right,AM,0.00281576,0.00552291,0.00723104,4.4,5.4,12.1,4,2.1,6.7,4.3,3.8,2.7
Slot7,Repeat2,Manual,IQT5,12,Slot7_12_Red,Red,Right,AM,0.00266973,0.00550531,0.00726639,4.9,9.2,14,1.6,3.6,10.4,5,4.3,3.7
Slot7,Repeat2,Manual,IQT5,21,Slot7_21_Red,Red,Right,AM,0.00356993,0.00558266,0.00814226,5.6,9.6,13.3,1.5,3.1,11.5,6.1,3.5,3.2
Slot7,Repeat2,Manual,IQT5,22,Slot7_22_Red,Red,Right,AM,0.00335664,0.00609895,0.00898565,3.8,6.6,12.5,1.8,2.6,9.3,5.4,3.8,2.8
Slot7,Repeat2,Manual,IQT5,31,Slot7_31_Red,Red,Right,AM,0.00322994,0.00539982,0.00848568,5.9,9.6,11.7,1.4,3.2,6.7,5.1,4,3.1
Slot7,Repeat2,Manual,IQT5,32,Slot7_32_Red,Red,Right,AM,0.00308546,0.00599379,0.0097269,5.1,8.4,17.5,1.2,2.9,13.1,4.8,4.1,3.4
Slot9,Repeat1,Manual,IQT5,11,Slot9_11_Red,Red,Right,AM,0.00271923,0.00500712,0.0064436,4.8,9.8,13.5,1.4,3.8,8.8,4.7,3.3,2.7
Slot9,Repeat1,Manual,IQT5,12,Slot9_12_Red,Red,Right,AM,0.00304857,0.00589145,0.0071903,4.5,8.9,12.6,1.6,3.7,8.4,5,3.8,3.3
Slot9,Repeat1,Manual,IQT5,21,Slot9_21_Red,Red,Right,AM,0.00306225,0.00491641,0.007794,4,6.3,7.9,1.5,2,1.7,6,3.6,3
Slot9,Repeat1,Manual,IQT5,22,Slot9_22_Red,Red,Right,AM,0.00357398,0.00618236,0.00886001,6.2,7,11.9,1.6,2.9,8.4,5.5,3.3,2.8
Slot9,Repeat1,Manual,IQT5,31,Slot9_31_Red,Red,Right,AM,0.0027448,0.00495005,0.00841389,3.6,7.7,9.1,1.3,2.7,1.9,4.7,3.9,2.8
Slot9,Repeat1,Manual,IQT5,32,Slot9_32_Red,Red,Right,AM,0.00328046,0.00583984,0.00888325,6.8,9.1,14.9,1.8,3.1,9.1,5.3,4,3.6
Slot9,Repeat2,Manual,IQT5,11,Slot9_11_Red,Red,Right,AM,0.00275798,0.00510547,0.00651078,6.3,9.8,13.6,1.5,3.8,8.9,4.6,3.3,2.7
Slot9,Repeat2,Manual,IQT5,12,Slot9_12_Red,Red,Right,AM,0.00311976,0.00600631,0.00725584,5,8.8,12.4,8.4,3.7,8.5,5,3.8,3.3
Slot9,Repeat2,Manual,IQT5,21,Slot9_21_Red,Red,Right,AM,0.00311551,0.00498597,0.00784012,5.8,6.4,7.8,1.4,2.1,1.7,6,3.6,3
Slot9,Repeat2,Manual,IQT5,22,Slot9_22_Red,Red,Right,AM,0.00359716,0.00628565,0.00892911,4.9,7,11.4,1.4,3,8.3,5.7,3.3,2.8
Slot9,Repeat2,Manual,IQT5,31,Slot9_31_Red,Red,Right,AM,0.00278396,0.00504003,0.00846475,5.2,7.6,8.6,1.1,2.6,1.9,5,3.9,2.8
Slot9,Repeat2,Manual,IQT5,32,Slot9_32_Red,Red,Right,AM,0.00331874,0.00590189,0.00892788,6.4,9.1,14.6,1.6,3.1,9,5.5,4,3.6
Slot1,Repeat1,Pattern,IQT5,11,Slot1_11_Blue,Blue,Right,KN,0.00231782,0.00339609,0.00280296,27.5,22.7,27.6,32,32.5,18.4,2.3,1.8,1.6
Slot1,Repeat1,Pattern,IQT5,12,Slot1_12_Blue,Blue,Right,KN,0.00240025,0.00355025,0.00327258,19.3,12.8,19.7,10.6,19.7,12,2.5,1.8,1.5
Slot1,Repeat1,Pattern,IQT5,21,Slot1_21_Blue,Blue,Right,KN,0.00191872,0.00483978,0.00372915,11.3,11.9,20,7,24.5,8.1,2.5,3.9,2.2
Slot1,Repeat1,Pattern,IQT5,22,Slot1_22_Blue,Blue,Right,KN,0.00259955,0.00528388,0.00375534,17.4,13,18.2,7.1,25,5.3,2.4,2.8,1.6
Slot1,Repeat1,Pattern,IQT5,31,Slot1_31_Blue,Blue,Right,KN,0.00211572,0.00445277,0.00322525,10.1,14.1,14.5,9.8,29,5,2.7,2.3,1.8
Slot1,Repeat1,Pattern,IQT5,32,Slot1_32_Blue,Blue,Right,KN,0.00263516,0.00557692,0.00411149,155.7,19.1,17,8.1,31,18.1,2.5,2.3,1.7
Slot1,Repeat2,Pattern,IQT5,11,Slot1_11_Blue,Blue,Right,KN,0.0017162,0.00281807,0.00202588,30.5,22.5,25.6,12.2,28.7,10.4,2.3,1.9,1.6
Slot1,Repeat2,Pattern,IQT5,12,Slot1_12_Blue,Blue,Right,KN,0.00189553,0.00295473,0.00243554,18.3,13.2,19.6,14.3,16.8,6.2,2.5,2,1.5
Slot1,Repeat2,Pattern,IQT5,21,Slot1_21_Blue,Blue,Right,KN,0.00152379,0.00362493,0.00257132,8.3,11.4,18.1,7.1,20.9,30.5,2.5,4.2,2.3
Slot1,Repeat2,Pattern,IQT5,22,Slot1_22_Blue,Blue,Right,KN,0.00200892,0.00400139,0.00282893,11.3,13.6,18,9.2,22.1,8.5,2.4,3,1.6
Slot1,Repeat2,Pattern,IQT5,31,Slot1_31_Blue,Blue,Right,KN,0.00159271,0.00338617,0.00238218,8.6,12.9,14.4,18.5,21.4,4.7,2.8,2.5,1.8
Slot1,Repeat2,Pattern,IQT5,32,Slot1_32_Blue,Blue,Right,KN,0.00199687,0.00425623,0.00301691,9.9,17.6,17.2,9.7,24,16.7,2.6,2.4,1.7
Slot1,Repeat3,Pattern,IQT5,11,Slot1_11_Blue,Blue,Right,KN,0.00241146,0.00357451,0.00277818,43.2,23.6,26.8,20.3,33.4,15.2,2.4,1.8,1.6
Slot1,Repeat3,Pattern,IQT5,12,Slot1_12_Blue,Blue,Right,KN,0.00207856,0.00341683,0.00293364,15,13,19.1,10,17.9,24.9,2.5,2,1.5
Slot1,Repeat3,Pattern,IQT5,21,Slot1_21_Blue,Blue,Right,KN,0.00172387,0.00426848,0.00305374,9.9,12.7,20.3,9.9,23.4,11.2,2.6,3.8,2.3
Slot1,Repeat3,Pattern,IQT5,22,Slot1_22_Blue,Blue,Right,KN,0.00188114,0.00394956,0.00278585,13.1,15.6,19,12.6,23.6,9.6,2.4,2.9,1.6
Slot1,Repeat3,Pattern,IQT5,31,Slot1_31_Blue,Blue,Right,KN,0.00170775,0.00315476,0.00203009,10.2,16.4,13.9,10,26,6.6,2.6,2,1.8
Slot1,Repeat3,Pattern,IQT5,32,Slot1_32_Blue,Blue,Right,KN,0.00163643,0.00344812,0.00226004,13.9,22.2,16.5,15,29,8.1,2.5,2.1,1.8
Slot3,Repeat1,Pattern,IQT5,11,Slot3_11_Blue,Blue,Right,KN,0.00255715,0.00352124,0.00282218,27.2,23.3,30.3,17.9,31.7,10,2.2,1.6,1.5
Slot3,Repeat1,Pattern,IQT5,12,Slot3_12_Blue,Blue,Right,KN,0.00226471,0.00344599,0.00280456,22.9,20.7,26.4,32.9,30.5,11.5,2.5,1.6,1.3
Slot3,Repeat1,Pattern,IQT5,21,Slot3_21_Blue,Blue,Right,KN,0.00232094,0.00336615,0.00300353,41.1,13,20.4,23.3,16.4,18,2.5,1.5,1.5
Slot3,Repeat1,Pattern,IQT5,22,Slot3_22_Blue,Blue,Right,KN,0.0023089,0.00399643,0.00303869,23.8,13.2,29.8,20.8,20.1,11.3,2.4,1.9,1.7
Slot3,Repeat1,Pattern,IQT5,31,Slot3_31_Blue,Blue,Right,KN,0.00190425,0.00368649,0.00220812,8.7,21.4,8.9,7,28.5,5,2.8,2.2,1.7
Slot3,Repeat1,Pattern,IQT5,32,Slot3_32_Blue,Blue,Right,KN,0.0019872,0.00396752,0.00286601,14.7,22.5,17.3,13.5,27.4,13.7,2.4,2.1,1.7
Slot3,Repeat2,Pattern,IQT5,11,Slot3_11_Blue,Blue,Right,KN,0.00197953,0.00288997,0.00207267,24.4,29.9,32,27.8,32.3,8.2,2.4,1.9,1.5
Slot3,Repeat2,Pattern,IQT5,12,Slot3_12_Blue,Blue,Right,KN,0.00148566,0.00220351,0.00162879,12.5,19.2,30.1,9.8,25.3,7.1,2.8,1.8,1.4
Slot3,Repeat2,Pattern,IQT5,21,Slot3_21_Blue,Blue,Right,KN,0.00171742,0.00261896,0.00216858,21.9,14.8,19.3,9.8,14.1,8.9,2.8,1.7,1.5
Slot3,Repeat2,Pattern,IQT5,22,Slot3_22_Blue,Blue,Right,KN,0.00147841,0.002526,0.00178225,21.1,10.7,28.7,11.3,14.8,7.8,2.4,2,1.7
Slot3,Repeat2,Pattern,IQT5,31,Slot3_31_Blue,Blue,Right,KN,0.00138787,0.00273614,0.00157567,12.8,20.2,8.7,6.5,21.6,48.4,2.8,2.3,1.7
Slot3,Repeat2,Pattern,IQT5,32,Slot3_32_Blue,Blue,Right,KN,0.00130036,0.00241431,0.00164579,20.2,18.4,18.3,599.4,20.5,10.5,2.3,2.1,1.7
Slot3,Repeat3,Pattern,IQT5,11,Slot3_11_Blue,Blue,Right,KN,0.00067308,0.00075908,0.0004661,5.1,21.3,32.3,7.6,23.5,5.8,2.4,2,1.5
Slot3,Repeat3,Pattern,IQT5,12,Slot3_12_Blue,Blue,Right,KN,0.00172707,0.00222569,0.00175077,16.2,19.1,26.8,11.5,25.5,13.5,2.6,1.6,1.4
Slot3,Repeat3,Pattern,IQT5,21,Slot3_21_Blue,Blue,Right,KN,0.00067914,0.00078583,0.00052623,4.1,7.4,58.4,13,8.8,0.9,2.5,1.8,1.6
Slot3,Repeat3,Pattern,IQT5,22,Slot3_22_Blue,Blue,Right,KN,0.00194115,0.00335117,0.00201146,26.2,11.2,35.5,33,18.1,11.5,2.4,2.1,1.7
Slot3,Repeat3,Pattern,IQT5,31,Slot3_31_Blue,Blue,Right,KN,0.00036973,0.00045834,0.00021724,2.3,9.3,11.4,2,16.4,1,2.1,2.4,1.6
Slot3,Repeat3,Pattern,IQT5,32,Slot3_32_Blue,Blue,Right,KN,0.00128106,0.0025334,0.00145335,12.6,11.9,14.3,46.7,19.1,2.3,2.3,2.5,1.7
Slot5,Repeat1,Pattern,IQT5,11,Slot5_11_Blue,Blue,Right,KN,0.00259178,0.00348525,0.00267268,19.7,26.8,26.4,22.7,50,14.1,2.3,1.6,1.5
Slot5,Repeat1,Pattern,IQT5,12,Slot5_12_Blue,Blue,Right,KN,0.00245492,0.00362371,0.00295892,20.4,14.2,20.4,17.3,23.9,15.7,2.6,1.5,1.4
Slot5,Repeat1,Pattern,IQT5,21,Slot5_21_Blue,Blue,Right,KN,0.00255752,0.00397807,0.00315993,17.5,21.1,30.8,12.8,38.1,22.3,2.6,1.6,1.5
Slot5,Repeat1,Pattern,IQT5,22,Slot5_22_Blue,Blue,Right,KN,0.00268594,0.00490768,0.00339988,14.1,7.9,15.3,11.2,10,7.3,2.5,1.9,1.8
Slot5,Repeat1,Pattern,IQT5,31,Slot5_31_Blue,Blue,Right,KN,0.00188799,0.0041875,0.00277193,23.3,24.9,26.7,641.1,41.4,9.7,2.7,2.1,1.7
Slot5,Repeat1,Pattern,IQT5,32,Slot5_32_Blue,Blue,Right,KN,0.00224081,0.0046776,0.00366401,91.7,25.2,26.5,12.3,33.2,3.2,2.5,2.2,1.8
Slot5,Repeat2,Pattern,IQT5,11,Slot5_11_Blue,Blue,Right,KN,0.00241163,0.00337725,0.00270821,22.1,27,25.7,9.7,49.7,9.2,2.3,1.7,1.5
Slot5,Repeat2,Pattern,IQT5,12,Slot5_12_Blue,Blue,Right,KN,0.00241502,0.00366576,0.00305858,16.6,14,21.2,14.3,22.9,10.6,2.5,1.5,1.4
Slot5,Repeat2,Pattern,IQT5,21,Slot5_21_Blue,Blue,Right,KN,0.00246824,0.00397944,0.00324937,15.2,20.8,28.1,12.5,36.3,8.9,2.5,1.6,1.5
Slot5,Repeat2,Pattern,IQT5,22,Slot5_22_Blue,Blue,Right,KN,0.00278087,0.00517314,0.00358984,14.8,7.9,15.7,10.7,10.1,7.1,2.5,2,1.7
Slot5,Repeat2,Pattern,IQT5,31,Slot5_31_Blue,Blue,Right,KN,0.00188614,0.00439173,0.00299859,33.7,26.6,28.9,8.6,40.6,29,2.7,2.2,1.6
Slot5,Repeat2,Pattern,IQT5,32,Slot5_32_Blue,Blue,Right,KN,0.00237809,0.0051641,0.00400311,20.6,22.9,24.6,10.1,34.1,17.3,2.5,2.3,1.7
Slot5,Repeat3,Pattern,IQT5,11,Slot5_11_Blue,Blue,Right,KN,0.00257661,0.00362966,0.002695,35.6,27.4,25.6,25.5,52.6,22.7,2.4,1.6,1.5
Slot5,Repeat3,Pattern,IQT5,12,Slot5_12_Blue,Blue,Right,KN,0.00215233,0.00347141,0.00275166,21.9,15.2,20.1,17,21.1,11.8,2.6,1.7,1.4
Slot5,Repeat3,Pattern,IQT5,21,Slot5_21_Blue,Blue,Right,KN,0.00224735,0.00353095,0.00269443,15.8,24,27.3,12.8,37.1,10.3,2.6,1.5,1.5
Slot5,Repeat3,Pattern,IQT5,22,Slot5_22_Blue,Blue,Right,KN,0.00199968,0.00381088,0.00268,39,8.1,15.3,10.5,9.7,6.6,2.4,2,1.7
Slot5,Repeat3,Pattern,IQT5,31,Slot5_31_Blue,Blue,Right,KN,0.00148592,0.00312183,0.00184856,21,28.4,24.1,6.7,36,9.4,2.6,1.9,1.7
Slot5,Repeat3,Pattern,IQT5,32,Slot5_32_Blue,Blue,Right,KN,0.00148021,0.00311242,0.00219022,30.9,24.9,26.1,314.5,28.3,10.3,2.5,2.1,1.8
Slot1,Repeat1,Manual,IQT5,11,Slot1_11_Blue,Blue,Right,AM,0.00245441,0.00353006,0.00283655,19.5,23.7,24.7,17.8,33.4,69.1,2.4,1.8,1.6
Slot1,Repeat1,Manual,IQT5,12,Slot1_12_Blue,Blue,Right,AM,0.00235568,0.00356992,0.00327419,17.1,12.6,20.1,9.6,19.2,8.6,2.5,1.8,1.5
Slot1,Repeat1,Manual,IQT5,21,Slot1_21_Blue,Blue,Right,AM,0.00193394,0.00484997,0.00370402,11.9,11.7,19.9,6.6,23.8,7.3,2.6,3.9,2.3
Slot1,Repeat1,Manual,IQT5,22,Slot1_22_Blue,Blue,Right,AM,0.00243976,0.00503375,0.00363093,12.7,13.5,18.4,7.5,24.6,7.4,2.4,2.8,1.6
Slot1,Repeat1,Manual,IQT5,31,Slot1_31_Blue,Blue,Right,AM,0.00205939,0.00420797,0.00306347,12.4,15.1,14.5,8.5,29.2,47.9,2.7,2.2,1.8
Slot1,Repeat1,Manual,IQT5,32,Slot1_32_Blue,Blue,Right,AM,0.00237145,0.00506859,0.00382636,15.2,20.3,17.6,9.4,30.8,8.8,2.5,2.2,1.7
Slot1,Repeat2,Manual,IQT5,11,Slot1_11_Blue,Blue,Right,AM,0.00245285,0.00352468,0.00282678,25.3,22,28.1,15.5,33.3,12.6,2.4,1.8,1.6
Slot1,Repeat2,Manual,IQT5,12,Slot1_12_Blue,Blue,Right,AM,0.00236319,0.00357304,0.00328627,15.7,12.6,19.2,10,19.4,8.1,2.5,1.8,1.5
Slot1,Repeat2,Manual,IQT5,21,Slot1_21_Blue,Blue,Right,AM,0.00193885,0.00484239,0.00369848,9,11.8,19.4,7.1,23.8,8,2.6,3.9,2.3
Slot1,Repeat2,Manual,IQT5,22,Slot1_22_Blue,Blue,Right,AM,0.00244279,0.00503101,0.00362892,21.3,12.9,18.7,7.9,24.3,17.7,2.4,2.8,1.6
Slot1,Repeat2,Manual,IQT5,31,Slot1_31_Blue,Blue,Right,AM,0.00205999,0.00419427,0.00304937,10.4,15.2,14.3,8.3,29.6,13.4,2.6,2.2,1.8
Slot1,Repeat2,Manual,IQT5,32,Slot1_32_Blue,Blue,Right,AM,0.00235494,0.00505825,0.00382559,17.2,20.1,17.5,9.2,30.4,7.4,2.5,2.2,1.7
Slot1,Repeat3,Manual,IQT5,11,Slot1_11_Blue,Blue,Right,AM,0.0024401,0.00347746,0.00275851,20,22.8,26.3,25.5,33.5,19.8,2.4,1.8,1.6
Slot1,Repeat3,Manual,IQT5,12,Slot1_12_Blue,Blue,Right,AM,0.00235536,0.00351659,0.00320415,16.8,13.1,20,9.1,19.6,10.8,2.5,1.8,1.5
Slot1,Repeat3,Manual,IQT5,21,Slot1_21_Blue,Blue,Right,AM,0.00191161,0.00477224,0.00361895,9.8,11.9,19.8,7.8,23.9,7.6,2.6,3.9,2.3
Slot1,Repeat3,Manual,IQT5,22,Slot1_22_Blue,Blue,Right,AM,0.00242711,0.00495336,0.0035569,27.4,13.4,18.1,7.7,24.4,8.5,2.4,2.8,1.7
Slot1,Repeat3,Manual,IQT5,31,Slot1_31_Blue,Blue,Right,AM,0.00204586,0.00412597,0.00297797,10.7,15.2,14.8,8.5,29.5,12.3,2.6,2.2,1.8
Slot1,Repeat3,Manual,IQT5,32,Slot1_32_Blue,Blue,Right,AM,0.00235386,0.00497762,0.00372093,16.3,20.4,16.8,12.6,30.8,20.1,2.5,2.2,1.8
Slot3,Repeat1,Manual,IQT5,11,Slot3_11_Blue,Blue,Right,AM,0.00263832,0.00345175,0.00287175,25.9,25,31.3,12.4,30.8,11.3,2.2,1.6,1.5
Slot3,Repeat1,Manual,IQT5,12,Slot3_12_Blue,Blue,Right,AM,0.00244868,0.00361079,0.00307432,16.6,19.4,25.3,11.1,32.7,24.9,2.4,1.5,1.3
Slot3,Repeat1,Manual,IQT5,21,Slot3_21_Blue,Blue,Right,AM,0.00254432,0.0036551,0.00324199,39.4,11.8,20.1,14.4,16.5,8.7,2.5,1.5,1.5
Slot3,Repeat1,Manual,IQT5,22,Slot3_22_Blue,Blue,Right,AM,0.00268252,0.00463601,0.00349658,48.6,13.9,26.3,12.4,21.3,12.9,2.4,1.8,1.7
Slot3,Repeat1,Manual,IQT5,31,Slot3_31_Blue,Blue,Right,AM,0.00212176,0.00424384,0.00260064,126.6,19.2,10.3,9.5,29,6,2.7,2.2,1.7
Slot3,Repeat1,Manual,IQT5,32,Slot3_32_Blue,Blue,Right,AM,0.00246796,0.00490201,0.00369221,14.4,20.3,17.7,10.2,29.3,15.4,2.4,2.2,1.8
Slot3,Repeat2,Manual,IQT5,11,Slot3_11_Blue,Blue,Right,AM,0.00262258,0.00345886,0.00286858,40.4,24.6,33.6,13.2,31,23.5,2.2,1.6,1.5
Slot3,Repeat2,Manual,IQT5,12,Slot3_12_Blue,Blue,Right,AM,0.00242527,0.00361901,0.00307159,31.9,20.4,25.3,11.3,32.1,9.9,2.4,1.5,1.3
Slot3,Repeat2,Manual,IQT5,21,Slot3_21_Blue,Blue,Right,AM,0.00254116,0.00365404,0.00323686,21.6,11.5,19.5,18.5,16.7,8.4,2.6,1.5,1.5
Slot3,Repeat2,Manual,IQT5,22,Slot3_22_Blue,Blue,Right,AM,0.00265307,0.00461961,0.00348539,27.1,13.7,29.6,11.4,21.2,11.8,2.4,1.8,1.7
Slot3,Repeat2,Manual,IQT5,31,Slot3_31_Blue,Blue,Right,AM,0.00211577,0.00422971,0.00258612,10.7,19.6,10.5,8.4,29.4,6.8,2.7,2.2,1.7
Slot3,Repeat2,Manual,IQT5,32,Slot3_32_Blue,Blue,Right,AM,0.00241602,0.00486819,0.00367812,15,21.2,18.1,10.1,29.4,9.7,2.4,2.2,1.7
Slot3,Repeat3,Manual,IQT5,11,Slot3_11_Blue,Blue,Right,AM,0.00261078,0.0033858,0.00280249,27.1,26.3,33.7,13,30.8,9.6,2.2,1.6,1.5
Slot3,Repeat3,Manual,IQT5,12,Slot3_12_Blue,Blue,Right,AM,0.0024099,0.0035502,0.00302771,19.5,23.8,24.7,11.3,32.5,14.4,2.3,1.5,1.3
Slot3,Repeat3,Manual,IQT5,21,Slot3_21_Blue,Blue,Right,AM,0.00252825,0.00354655,0.00310852,39.4,12.2,20.8,13.1,16.4,7.7,2.5,1.5,1.5
Slot3,Repeat3,Manual,IQT5,22,Slot3_22_Blue,Blue,Right,AM,0.00263482,0.00452277,0.00342676,25.7,13.6,28.9,12.8,21.3,18.8,2.4,1.8,1.7
Slot3,Repeat3,Manual,IQT5,31,Slot3_31_Blue,Blue,Right,AM,0.00209767,0.00407585,0.00242528,11.5,20.5,9.8,8.2,29.1,5.4,2.7,2.2,1.7
Slot3,Repeat3,Manual,IQT5,32,Slot3_32_Blue,Blue,Right,AM,0.00241904,0.0047644,0.00358995,13.7,20.9,18.8,8.8,29.2,6.6,2.5,2.2,1.7
Slot5,Repeat1,Manual,IQT5,11,Slot5_11_Blue,Blue,Right,AM,0.00251352,0.00343361,0.00268486,92.8,26.8,27.9,204.1,51.5,7.7,2.4,1.6,1.5
Slot5,Repeat1,Manual,IQT5,12,Slot5_12_Blue,Blue,Right,AM,0.00239276,0.00354538,0.00292628,24.1,14.6,19.5,12,23.3,9.4,2.6,1.5,1.4
Slot5,Repeat1,Manual,IQT5,21,Slot5_21_Blue,Blue,Right,AM,0.00248657,0.0039388,0.00322225,27.2,22.1,28.5,16.1,37.6,15.2,2.5,1.6,1.5
Slot5,Repeat1,Manual,IQT5,22,Slot5_22_Blue,Blue,Right,AM,0.00263413,0.00484338,0.00340794,19.8,8,15.4,11.4,10,6.1,2.5,1.9,1.7
Slot5,Repeat1,Manual,IQT5,31,Slot5_31_Blue,Blue,Right,AM,0.00125585,0.00418969,0.00287641,13.6,26.5,28.8,15.5,41.7,12.7,9.4,2.1,1.7
Slot5,Repeat1,Manual,IQT5,32,Slot5_32_Blue,Blue,Right,AM,0.00218809,0.00465415,0.00369573,23.4,25.4,24.7,13.3,33,9.8,2.6,2.2,1.8
Slot5,Repeat2,Manual,IQT5,11,Slot5_11_Blue,Blue,Right,AM,0.00251918,0.0034352,0.00269907,43.9,28.8,26.1,33.5,52,9.8,2.3,1.6,1.5
Slot5,Repeat2,Manual,IQT5,12,Slot5_12_Blue,Blue,Right,AM,0.00239462,0.00355019,0.00294595,48.8,14.3,20.8,12.1,23.2,15.3,2.5,1.5,1.4
Slot5,Repeat2,Manual,IQT5,21,Slot5_21_Blue,Blue,Right,AM,0.00247544,0.00392505,0.00319827,19.7,21.9,29.3,19.9,37.1,39.4,2.5,1.6,1.5
Slot5,Repeat2,Manual,IQT5,22,Slot5_22_Blue,Blue,Right,AM,0.00260544,0.0048036,0.0033972,18,8,15.3,23.4,10,7,2.5,1.9,1.7
Slot5,Repeat2,Manual,IQT5,31,Slot5_31_Blue,Blue,Right,AM,0.00183313,0.00416258,0.00284716,33,24.9,27.3,58.7,40.3,10.7,2.7,2.1,1.7
Slot5,Repeat2,Manual,IQT5,32,Slot5_32_Blue,Blue,Right,AM,0.0021586,0.00461558,0.00366542,21.8,25,24.8,16.6,33,11.4,2.5,2.2,1.8
Slot5,Repeat3,Manual,IQT5,11,Slot5_11_Blue,Blue,Right,AM,0.00251223,0.00344578,0.00269743,35,26.9,27.1,16,51.1,270.8,2.3,1.6,1.5
Slot5,Repeat3,Manual,IQT5,12,Slot5_12_Blue,Blue,Right,AM,0.00238739,0.00356074,0.00295204,25.9,14.4,19.9,17.8,23.4,10.1,2.5,1.5,1.4
Slot5,Repeat3,Manual,IQT5,21,Slot5_21_Blue,Blue,Right,AM,0.00246796,0.00392349,0.0031996,19.7,21.7,29.3,13.4,37.3,15.5,2.5,1.6,1.5
Slot5,Repeat3,Manual,IQT5,22,Slot5_22_Blue,Blue,Right,AM,0.0026135,0.00481775,0.00340317,20.4,7.9,15.3,10.6,10.1,6.6,2.5,1.9,1.7
Slot5,Repeat3,Manual,IQT5,31,Slot5_31_Blue,Blue,Right,AM,0.00184141,0.00415618,0.00284319,40.4,25.6,25.1,9.2,41.5,7,2.7,2.1,1.7
Slot5,Repeat3,Manual,IQT5,32,Slot5_32_Blue,Blue,Right,AM,0.00216724,0.00462359,0.00367409,18.1,25.3,25.4,12.2,33,13.9,2.5,2.2,1.8
Slot1,Repeat1,Manual_baddata,IQT5,11,Slot1_11_Blue,Blue,Right,KN,0.00236724,0.00340972,0.00275138,24.9,24.3,25.2,31.9,33.1,6.9,2.4,1.8,1.6
Slot1,Repeat1,Manual_baddata,IQT5,12,Slot1_12_Blue,Blue,Right,KN,0.00231175,0.00347257,0.00320628,17,13,18.9,11.6,19.4,15.9,2.5,1.8,1.5
Slot1,Repeat1,Manual_baddata,IQT5,21,Slot1_21_Blue,Blue,Right,KN,0.00186549,0.00469437,0.00360407,9.6,11.8,19.3,7.3,23.9,12.2,2.6,3.9,2.3
Slot1,Repeat1,Manual_baddata,IQT5,22,Slot1_22_Blue,Blue,Right,KN,0.0023802,0.00492329,0.00356776,32.1,13.4,18.2,8.1,24.7,17.6,2.4,2.8,1.6
Slot1,Repeat1,Manual_baddata,IQT5,31,Slot1_31_Blue,Blue,Right,KN,0.00200476,0.00409195,0.00300912,10.9,15.4,14.9,10.6,29.4,6.9,2.8,2.2,1.8
Slot1,Repeat1,Manual_baddata,IQT5,32,Slot1_32_Blue,Blue,Right,KN,0.00232439,0.00499268,0.00377161,12.8,20.3,17.4,9.8,30.3,7.7,2.5,2.2,1.7
Slot1,Repeat2,Manual_baddata,IQT5,11,Slot1_11_Blue,Blue,Right,KN,0.00242374,0.00349933,0.00279258,40.5,22.1,27.3,14.1,33.8,6.2,2.4,1.8,1.6
Slot1,Repeat2,Manual_baddata,IQT5,12,Slot1_12_Blue,Blue,Right,KN,0.00234061,0.00354663,0.00323944,16.3,12.7,19.9,9.9,19.8,30.1,2.5,1.8,1.5
Slot1,Repeat2,Manual_baddata,IQT5,21,Slot1_21_Blue,Blue,Right,KN,0.00191459,0.00479436,0.00365018,8.6,11.9,19.2,7.3,24.2,19.9,2.6,3.9,2.2
Slot1,Repeat2,Manual_baddata,IQT5,22,Slot1_22_Blue,Blue,Right,KN,0.00241109,0.00403062,0.00358116,12.9,13.6,18.9,7.8,24.9,8.7,2.4,2,1.7
Slot1,Repeat2,Manual_baddata,IQT5,31,Slot1_31_Blue,Blue,Right,KN,0.00194709,0.00415448,0.00297385,9.2,15.4,11.5,8.4,29.6,10,2.7,2.2,1.8
Slot1,Repeat2,Manual_baddata,IQT5,32,Slot1_32_Blue,Blue,Right,KN,0.00233377,0.00499749,0.00376577,14.7,20.3,17.5,9.3,30.3,15.3,2.5,2.2,1.7
Slot1,Repeat3,Manual_baddata,IQT5,11,Slot1_11_Blue,Blue,Right,KN,0.00237202,0.00342517,0.00273467,26.2,24.1,27.5,30.9,34.1,8.6,2.3,1.8,1.6
Slot1,Repeat3,Manual_baddata,IQT5,12,Slot1_12_Blue,Blue,Right,KN,0.00229187,0.00348805,0.00319028,20.6,12.6,18.9,10.2,19.8,46.2,2.5,1.8,1.5
Slot1,Repeat3,Manual_baddata,IQT5,21,Slot1_21_Blue,Blue,Right,KN,0.00185901,0.00469762,0.0035736,9.4,12,19.5,7.7,24.2,8.2,2.6,3.9,2.3
Slot1,Repeat3,Manual_baddata,IQT5,22,Slot1_22_Blue,Blue,Right,KN,0.00237593,0.00493234,0.00353855,12.8,13.2,18.3,8.2,24.7,11.5,2.4,2.8,1.7
Slot1,Repeat3,Manual_baddata,IQT5,31,Slot1_31_Blue,Blue,Right,KN,0.00190028,0.00412359,0.00295368,10.7,15.2,11.5,8.3,29.3,9.5,2.7,2.2,1.8
Slot1,Repeat3,Manual_baddata,IQT5,32,Slot1_32_Blue,Blue,Right,KN,0.00232703,0.00500695,0.00374507,20.5,20.4,17.3,9.3,31.3,14.9,2.5,2.3,1.8
Slot3,Repeat1,Manual_baddata,IQT5,11,Slot3_11_Blue,Blue,Right,KN,0.00266571,0.00350184,0.0028717,27.5,23.8,31.4,13.1,31.8,3.5,2.3,1.6,1.5
Slot3,Repeat1,Manual_baddata,IQT5,12,Slot3_12_Blue,Blue,Right,KN,0.0024468,0.00366918,0.0030894,30.8,19.8,22.7,11.5,32.9,7.1,2.4,1.5,1.3
Slot3,Repeat1,Manual_baddata,IQT5,21,Slot3_21_Blue,Blue,Right,KN,0.00254201,0.00369593,0.00322431,232.6,11.5,20.2,11.1,16.9,7.9,2.6,1.5,1.5
Slot3,Repeat1,Manual_baddata,IQT5,22,Slot3_22_Blue,Blue,Right,KN,0.0026564,0.00464365,0.00348116,23.2,14.1,26.2,11.7,21.8,11.4,2.4,1.8,1.7
Slot3,Repeat1,Manual_baddata,IQT5,31,Slot3_31_Blue,Blue,Right,KN,0.00211223,0.00424258,0.00258164,17.4,20.4,10.1,11.3,30.1,5.6,2.8,2.1,1.7
Slot3,Repeat1,Manual_baddata,IQT5,32,Slot3_32_Blue,Blue,Right,KN,0.00241588,0.00487035,0.00367042,14.2,21.5,18.4,9,29.9,7.3,2.5,2.2,1.8
Slot3,Repeat2,Manual_baddata,IQT5,11,Slot3_11_Blue,Blue,Right,KN,0.00142378,0.00170244,0.00086691,11.9,28.4,39,39.1,29.8,2.9,2.1,1.6,1.4
Slot3,Repeat2,Manual_baddata,IQT5,12,Slot3_12_Blue,Blue,Right,KN,0.0021642,0.00319366,0.00186978,9.2,15.8,29.8,9.1,34.1,12.7,2.2,1.6,1.2
Slot3,Repeat2,Manual_baddata,IQT5,21,Slot3_21_Blue,Blue,Right,KN,0.00171228,0.00233341,0.00130971,17.6,8.7,17.3,21.2,17.9,3.2,2.4,1.5,1.3
Slot3,Repeat2,Manual_baddata,IQT5,22,Slot3_22_Blue,Blue,Right,KN,0.00282399,0.00483823,0.00266237,21.8,15.6,25.6,9.5,28.8,6.4,2.4,2,1.7
Slot3,Repeat2,Manual_baddata,IQT5,31,Slot3_31_Blue,Blue,Right,KN,0.00141735,0.00259141,0.00111904,7,16.4,12.2,17.4,24.7,3.1,2.5,1.7,1.5
Slot3,Repeat2,Manual_baddata,IQT5,32,Slot3_32_Blue,Blue,Right,KN,0.00268142,0.00516146,0.00297937,14.5,18.4,19.2,7.3,29.8,24.6,2.4,2.2,1.7
Slot3,Repeat3,Manual_baddata,IQT5,11,Slot3_11_Blue,Blue,Right,KN,0.00265612,0.00342888,0.00283228,29.4,23.1,33.8,16,30.3,15.7,2.3,1.6,1.5
Slot3,Repeat3,Manual_baddata,IQT5,12,Slot3_12_Blue,Blue,Right,KN,0.00244445,0.00356314,0.0030251,18.3,20.8,23.6,10.4,32.4,42,2.3,1.5,1.3
Slot3,Repeat3,Manual_baddata,IQT5,21,Slot3_21_Blue,Blue,Right,KN,0.00255411,0.00364809,0.00322288,21.7,11.6,19.8,12.3,16.7,6.2,2.5,1.5,1.5
Slot3,Repeat3,Manual_baddata,IQT5,22,Slot3_22_Blue,Blue,Right,KN,0.00265853,0.00458021,0.00346288,40.2,13.7,26.8,11.3,21.3,11.7,2.4,1.8,1.7
Slot3,Repeat3,Manual_baddata,IQT5,31,Slot3_31_Blue,Blue,Right,KN,0.00212935,0.0042343,0.00258642,205.6,19.8,9.5,8.8,29.5,4.8,2.6,2.1,1.7
Slot3,Repeat3,Manual_baddata,IQT5,32,Slot3_32_Blue,Blue,Right,KN,0.00243915,0.00484397,0.00366897,129.8,21.4,17.9,9.2,29.4,10.3,2.4,2.2,1.7
Slot5,Repeat1,Manual_baddata,IQT5,11,Slot5_11_Blue,Blue,Right,KN,0.00252107,0.00339758,0.00262479,38.1,28.8,25.6,17.4,52.2,7.5,2.4,1.6,1.5
Slot5,Repeat1,Manual_baddata,IQT5,12,Slot5_12_Blue,Blue,Right,KN,0.00240239,0.00350855,0.00288978,47.7,14.6,20.4,12.2,23.2,9.9,2.5,1.5,1.4
Slot5,Repeat1,Manual_baddata,IQT5,21,Slot5_21_Blue,Blue,Right,KN,0.00249241,0.00385898,0.00310995,29.6,22.2,27.1,28.4,37.7,20.6,2.5,1.6,1.5
Slot5,Repeat1,Manual_baddata,IQT5,22,Slot5_22_Blue,Blue,Right,KN,0.00261554,0.00471666,0.00332728,19.5,7.7,17.4,10.4,9.7,6.2,2.6,1.9,1.7
Slot5,Repeat1,Manual_baddata,IQT5,31,Slot5_31_Blue,Blue,Right,KN,0.00182946,0.0040969,0.00275459,28.6,25.7,25.6,61.4,42,6.2,2.7,2.1,1.7
Slot5,Repeat1,Manual_baddata,IQT5,32,Slot5_32_Blue,Blue,Right,KN,0.00216911,0.00456278,0.00358272,15.8,25.5,25.2,19.3,32.9,11.1,2.6,2.2,1.8
Slot5,Repeat2,Manual_baddata,IQT5,11,Slot5_11_Blue,Blue,Right,KN,0.00249916,0.00344468,0.00269184,36.1,27.4,25.6,13.4,51.1,21.4,2.4,1.6,1.5
Slot5,Repeat2,Manual_baddata,IQT5,12,Slot5_12_Blue,Blue,Right,KN,0.00236567,0.00357825,0.00297419,21.6,14.2,19.5,13.3,23,7.8,2.6,1.5,1.4
Slot5,Repeat2,Manual_baddata,IQT5,21,Slot5_21_Blue,Blue,Right,KN,0.0024631,0.00390301,0.00316882,27.9,21.4,28.1,15.1,37.6,17.9,2.5,1.6,1.5
Slot5,Repeat2,Manual_baddata,IQT5,22,Slot5_22_Blue,Blue,Right,KN,0.00259778,0.00477928,0.00339176,18.3,7.7,15.5,13.2,9.7,6.1,2.5,1.9,1.7
Slot5,Repeat2,Manual_baddata,IQT5,31,Slot5_31_Blue,Blue,Right,KN,0.00182627,0.0041072,0.00278887,16.6,26.8,27.1,8.8,41.5,7.2,2.7,2.1,1.7
Slot5,Repeat2,Manual_baddata,IQT5,32,Slot5_32_Blue,Blue,Right,KN,0.00214341,0.0045879,0.00364496,27.8,25.9,25.1,18.1,33.2,16.3,2.5,2.2,1.8
Slot5,Repeat3,Manual_baddata,IQT5,11,Slot5_11_Blue,Blue,Right,KN,0.00250114,0.00334582,0.00260633,40.9,31.7,26.3,88.4,52.8,88.3,2.4,1.6,1.5
Slot5,Repeat3,Manual_baddata,IQT5,12,Slot5_12_Blue,Blue,Right,KN,0.00236963,0.00346203,0.00286712,23.9,15.4,19.2,16.5,23.4,7.9,2.6,1.5,1.4
Slot5,Repeat3,Manual_baddata,IQT5,21,Slot5_21_Blue,Blue,Right,KN,0.00242953,0.00384027,0.0031182,20.4,23.3,26.8,20,38.2,8.6,2.5,1.6,1.5
Slot5,Repeat3,Manual_baddata,IQT5,22,Slot5_22_Blue,Blue,Right,KN,0.00259071,0.00469334,0.00332685,18.2,7.7,15.6,12.8,9.6,19.6,2.5,1.9,1.7
Slot5,Repeat3,Manual_baddata,IQT5,31,Slot5_31_Blue,Blue,Right,KN,0.00179287,0.00407206,0.00277112,18.3,26.8,24.1,8.9,42.6,4.6,2.7,2.1,1.7
Slot5,Repeat3,Manual_baddata,IQT5,32,Slot5_32_Blue,Blue,Right,KN,0.00214478,0.00454607,0.00359233,19.4,26.3,25.2,12.9,33.3,13.7,2.5,2.2,1.8
Slot1,Repeat1,Manual_IQT4calibr,IQT5,11,Slot1_11_Blue,Blue,Right,KN,0.00318981,0.00351742,0.00217294,141.2,23.2,27.0,15.0,33.0,19.4,2.4,1.8,1.6
Slot1,Repeat1,Manual_IQT4calibr,IQT5,12,Slot1_12_Blue,Blue,Right,KN,0.00305162,0.00356100,0.00256218,23.7,13.4,19.8,8.8,19.4,11.8,2.5,1.8,1.5
Slot1,Repeat1,Manual_IQT4calibr,IQT5,21,Slot1_21_Blue,Blue,Right,KN,0.00252767,0.00472613,0.00271968,12.6,12.5,20.1,7.3,23.7,24.8,2.6,3.9,2.3
Slot1,Repeat1,Manual_IQT4calibr,IQT5,22,Slot1_22_Blue,Blue,Right,KN,0.00316190,0.00500138,0.00284243,15.0,13.7,18.9,8.3,24.5,8.2,2.6,2.8,1.6
Slot1,Repeat1,Manual_IQT4calibr,IQT5,31,Slot1_31_Blue,Blue,Right,KN,0.00257052,0.00403242,0.00209289,8.4,16.3,11.3,8.2,28.7,4.9,2.8,2.2,1.8
Slot1,Repeat1,Manual_IQT4calibr,IQT5,32,Slot1_32_Blue,Blue,Right,KN,0.00307542,0.00500494,0.00297707,11.0,19.8,17.3,7.9,29.2,8.2,2.6,2.2,1.7
Slot1,Repeat2,Manual_IQT4calibr,IQT5,11,Slot1_11_Blue,Blue,Right,KN,0.00317618,0.00350016,0.00217944,21.8,23.6,24.7,18.6,33.4,7.4,2.4,1.8,1.6
Slot1,Repeat2,Manual_IQT4calibr,IQT5,12,Slot1_12_Blue,Blue,Right,KN,0.00305868,0.00353781,0.00254249,15.6,13.3,20.0,8.5,19.7,20.7,2.5,1.8,1.5
Slot1,Repeat2,Manual_IQT4calibr,IQT5,21,Slot1_21_Blue,Blue,Right,KN,0.00248051,0.00478708,0.00284863,13.6,12.3,20.0,7.4,24.0,20.2,2.6,3.9,2.3
Slot1,Repeat2,Manual_IQT4calibr,IQT5,22,Slot1_22_Blue,Blue,Right,KN,0.00315337,0.00497218,0.00281963,43.9,13.6,18.8,7.8,24.5,9.3,2.5,2.8,1.7
Slot1,Repeat2,Manual_IQT4calibr,IQT5,31,Slot1_31_Blue,Blue,Right,KN,0.00255388,0.00417134,0.00231837,12.0,15.9,11.3,7.1,29.5,13.8,2.7,2.2,1.8
Slot1,Repeat2,Manual_IQT4calibr,IQT5,32,Slot1_32_Blue,Blue,Right,KN,0.00304415,0.00498648,0.00294154,12.6,20.5,18.3,9.4,29.3,128.3,2.6,2.2,1.7
Slot1,Repeat3,Manual_IQT4calibr,IQT5,11,Slot1_11_Blue,Blue,Right,KN,0.00315586,0.00344402,0.00210814,28.0,22.3,25.2,17.7,32.9,7.7,2.4,1.8,1.6
Slot1,Repeat3,Manual_IQT4calibr,IQT5,12,Slot1_12_Blue,Blue,Right,KN,0.00294121,0.00335825,0.00239690,21.5,13.9,19.8,11.5,19.6,9.0,2.5,1.8,1.5
Slot1,Repeat3,Manual_IQT4calibr,IQT5,21,Slot1_21_Blue,Blue,Right,KN,0.00242085,0.00460434,0.00273302,11.2,12.7,19.2,7.4,23.8,7.7,2.7,3.8,2.3
Slot1,Repeat3,Manual_IQT4calibr,IQT5,22,Slot1_22_Blue,Blue,Right,KN,0.00296750,0.00462467,0.00258044,14.5,14.2,18.7,8.8,24.1,8.8,2.6,2.8,1.6
Slot1,Repeat3,Manual_IQT4calibr,IQT5,31,Slot1_31_Blue,Blue,Right,KN,0.00245045,0.00384773,0.00202281,19.5,16.9,11.1,9.5,28.9,7.8,2.7,2.2,1.8
Slot1,Repeat3,Manual_IQT4calibr,IQT5,32,Slot1_32_Blue,Blue,Right,KN,0.00283434,0.00454213,0.00253674,18.9,22.1,18.0,9.9,29.8,8.0,2.7,2.2,1.7
Slot3,Repeat1,Manual_IQT4calibr,IQT5,11,Slot3_11_Blue,Blue,Right,KN,0.00339700,0.00333471,0.00213670,24.3,25.7,34.4,12.6,31.2,11.5,2.2,1.6,1.5
Slot3,Repeat1,Manual_IQT4calibr,IQT5,12,Slot3_12_Blue,Blue,Right,KN,0.00314959,0.00340344,0.00222441,19.3,27.1,24.7,13.0,32.7,9.4,2.4,1.5,1.4
Slot3,Repeat1,Manual_IQT4calibr,IQT5,21,Slot3_21_Blue,Blue,Right,KN,0.00326403,0.00357580,0.00247747,27.3,12.8,19.9,10.5,16.6,14.6,2.6,1.5,1.5
Slot3,Repeat1,Manual_IQT4calibr,IQT5,22,Slot3_22_Blue,Blue,Right,KN,0.00344782,0.00445473,0.00262655,24.5,14.4,28.9,12.8,21.3,16.1,2.5,1.8,1.7
Slot3,Repeat1,Manual_IQT4calibr,IQT5,31,Slot3_31_Blue,Blue,Right,KN,0.00273094,0.00423136,0.00200622,19.8,20.3,9.3,9.2,27.8,4.1,2.7,2.2,1.7
Slot3,Repeat1,Manual_IQT4calibr,IQT5,32,Slot3_32_Blue,Blue,Right,KN,0.00310633,0.00470555,0.00278651,11.1,22.0,17.6,9.4,29.1,7.6,2.5,2.1,1.7
Slot3,Repeat2,Manual_IQT4calibr,IQT5,11,Slot3_11_Blue,Blue,Right,KN,0.00335788,0.00331035,0.00212179,41.0,26.6,30.7,11.8,31.3,6.6,2.3,1.6,1.5
Slot3,Repeat2,Manual_IQT4calibr,IQT5,12,Slot3_12_Blue,Blue,Right,KN,0.00315184,0.00342380,0.00224102,74.3,22.6,25.6,12.8,33.2,9.1,2.4,1.5,1.3
Slot3,Repeat2,Manual_IQT4calibr,IQT5,21,Slot3_21_Blue,Blue,Right,KN,0.00324369,0.00354814,0.00245839,22.8,12.8,21.2,12.5,16.8,8.8,2.6,1.5,1.5
Slot3,Repeat2,Manual_IQT4calibr,IQT5,22,Slot3_22_Blue,Blue,Right,KN,0.00342145,0.00444077,0.00261730,70.9,14.4,30.7,14.7,21.0,13.3,2.5,1.8,1.7
Slot3,Repeat2,Manual_IQT4calibr,IQT5,31,Slot3_31_Blue,Blue,Right,KN,0.00269814,0.00420353,0.00197681,12.1,20.7,9.3,9.2,28.6,4.9,2.7,2.2,1.7
Slot3,Repeat2,Manual_IQT4calibr,IQT5,32,Slot3_32_Blue,Blue,Right,KN,0.00308052,0.00468938,0.00277090,9.5,21.4,18.0,7.8,29.5,7.3,2.6,2.2,1.7
Slot3,Repeat3,Manual_IQT4calibr,IQT5,11,Slot3_11_Blue,Blue,Right,KN,0.00337833,0.00331257,0.00212129,27.5,26.2,32.5,12.6,31.5,10.6,2.3,1.6,1.5
Slot3,Repeat3,Manual_IQT4calibr,IQT5,12,Slot3_12_Blue,Blue,Right,KN,0.00312390,0.00341901,0.00223285,17.5,22.7,22.8,27.6,32.9,17.7,2.4,1.5,1.4
Slot3,Repeat3,Manual_IQT4calibr,IQT5,21,Slot3_21_Blue,Blue,Right,KN,0.00324056,0.00354048,0.00244836,26.8,12.6,20.3,13.9,16.7,18.8,2.6,1.5,1.5
Slot3,Repeat3,Manual_IQT4calibr,IQT5,22,Slot3_22_Blue,Blue,Right,KN,0.00341419,0.00442603,0.00260757,24.3,14.7,29.9,12.1,21.1,14.4,2.5,1.8,1.7
Slot3,Repeat3,Manual_IQT4calibr,IQT5,31,Slot3_31_Blue,Blue,Right,KN,0.00268851,0.00418192,0.00196390,28.7,20.9,9.1,1136.6,28.8,5.2,2.6,2.2,1.7
Slot3,Repeat3,Manual_IQT4calibr,IQT5,32,Slot3_32_Blue,Blue,Right,KN,0.00307572,0.00467195,0.00275505,11.5,21.8,18.6,7.9,29.5,29.5,2.5,2.2,1.7
Slot5,Repeat1,Manual_IQT4calibr,IQT5,11,Slot5_11_Blue,Blue,Right,KN,0.00322943,0.00345085,0.00202335,31.6,22.3,25.1,7.7,49.7,10.9,2.4,1.6,1.5
Slot5,Repeat1,Manual_IQT4calibr,IQT5,12,Slot5_12_Blue,Blue,Right,KN,0.00304650,0.00342449,0.00222203,25.5,15.6,19.8,7.6,22.4,6.4,2.6,1.5,1.4
Slot5,Repeat1,Manual_IQT4calibr,IQT5,21,Slot5_21_Blue,Blue,Right,KN,0.00315397,0.00373646,0.00234106,19.2,24.4,31.6,17.0,37.4,8.4,2.6,1.6,1.5
Slot5,Repeat1,Manual_IQT4calibr,IQT5,22,Slot5_22_Blue,Blue,Right,KN,0.00332012,0.00457025,0.00252110,34.3,8.0,15.5,16.6,9.6,21.4,2.5,1.9,1.7
Slot5,Repeat1,Manual_IQT4calibr,IQT5,31,Slot5_31_Blue,Blue,Right,KN,0.00233658,0.00398721,0.00203588,13.8,25.7,23.8,20.2,38.0,17.1,2.7,2.1,1.6
Slot5,Repeat1,Manual_IQT4calibr,IQT5,32,Slot5_32_Blue,Blue,Right,KN,0.00277811,0.00440604,0.00265082,20.4,27.2,25.0,20.5,32.7,21.5,2.6,2.2,1.8
Slot5,Repeat2,Manual_IQT4calibr,IQT5,11,Slot5_11_Blue,Blue,Right,KN,0.00323030,0.00344901,0.00202779,35.7,22.6,25.9,9.3,50.0,13.7,2.3,1.6,1.5
Slot5,Repeat2,Manual_IQT4calibr,IQT5,12,Slot5_12_Blue,Blue,Right,KN,0.00308244,0.00350043,0.00226758,21.9,15.3,19.3,23.5,22.4,10.3,2.5,1.5,1.4
Slot5,Repeat2,Manual_IQT4calibr,IQT5,21,Slot5_21_Blue,Blue,Right,KN,0.00317986,0.00374625,0.00233794,39.2,25.8,29.6,13.4,37.3,16.0,2.5,1.6,1.5
Slot5,Repeat2,Manual_IQT4calibr,IQT5,22,Slot5_22_Blue,Blue,Right,KN,0.00340604,0.00467218,0.00258467,17.5,7.9,14.8,12.3,9.6,49.2,2.5,1.9,1.7
Slot5,Repeat2,Manual_IQT4calibr,IQT5,31,Slot5_31_Blue,Blue,Right,KN,0.00237206,0.00400285,0.00204514,20.5,27.1,26.4,27.8,39.0,6.6,2.7,2.1,1.7
Slot5,Repeat2,Manual_IQT4calibr,IQT5,32,Slot5_32_Blue,Blue,Right,KN,0.00284383,0.00451162,0.00273494,36.3,26.1,25.6,19.2,32.8,7.4,2.6,2.2,1.8
Slot5,Repeat3,Manual_IQT4calibr,IQT5,11,Slot5_11_Blue,Blue,Right,KN,0.00323289,0.00342931,0.00202317,28.5,23.8,25.3,88.0,50.1,19.5,2.4,1.6,1.5
Slot5,Repeat3,Manual_IQT4calibr,IQT5,12,Slot5_12_Blue,Blue,Right,KN,0.00304538,0.00345200,0.00223778,17.1,15.4,19.6,69.3,22.5,7.6,2.5,1.5,1.4
Slot5,Repeat3,Manual_IQT4calibr,IQT5,21,Slot5_21_Blue,Blue,Right,KN,0.00315473,0.00374178,0.00234331,18.3,25.7,28.5,20.5,37.4,6.5,2.6,1.6,1.5
Slot5,Repeat3,Manual_IQT4calibr,IQT5,22,Slot5_22_Blue,Blue,Right,KN,0.00335188,0.00459851,0.00255251,18.1,8.1,138.7,11.3,9.7,3.8,2.5,1.9,1.7
Slot5,Repeat3,Manual_IQT4calibr,IQT5,31,Slot5_31_Blue,Blue,Right,KN,0.00233743,0.00401634,0.00206188,13.3,27.0,25.4,8.6,39.4,6.4,2.7,2.1,1.7
Slot5,Repeat3,Manual_IQT4calibr,IQT5,32,Slot5_32_Blue,Blue,Right,KN,0.00279310,0.00444196,0.00269445,33.4,26.3,24.4,16.7,32.9,13.7,2.6,2.2,1.8
Slot1,Repeat1,Manual,IQT5,11,Slot1_11_Blue,Blue,Right,KN,0.00237209,0.00337897,0.00259155,141.2,23.2,27.0,15.0,33.0,19.4,2.4,1.8,1.6
Slot1,Repeat1,Manual,IQT5,12,Slot1_12_Blue,Blue,Right,KN,0.00227209,0.00341986,0.00305196,23.7,13.4,19.8,8.8,19.4,11.8,2.5,1.8,1.5
Slot1,Repeat1,Manual,IQT5,21,Slot1_21_Blue,Blue,Right,KN,0.00188002,0.00453641,0.00324963,12.6,12.5,20.1,7.3,23.7,24.8,2.6,3.9,2.3
Slot1,Repeat1,Manual,IQT5,22,Slot1_22_Blue,Blue,Right,KN,0.00234597,0.00479944,0.00338221,15.0,13.7,18.9,8.3,24.5,8.2,2.4,2.8,1.6
Slot1,Repeat1,Manual,IQT5,31,Slot1_31_Blue,Blue,Right,KN,0.00190883,0.00387313,0.00249708,8.4,16.3,11.3,8.2,28.7,4.9,2.8,2.2,1.8
Slot1,Repeat1,Manual,IQT5,32,Slot1_32_Blue,Blue,Right,KN,0.00228200,0.00481012,0.00355001,11.0,19.8,17.3,7.9,29.2,8.2,2.5,2.2,1.7
Slot1,Repeat2,Manual,IQT5,11,Slot1_11_Blue,Blue,Right,KN,0.00236145,0.00336237,0.00259898,21.8,23.6,24.7,18.6,33.4,7.4,2.4,1.8,1.6
Slot1,Repeat2,Manual,IQT5,12,Slot1_12_Blue,Blue,Right,KN,0.00227694,0.00339767,0.00302822,15.6,13.3,20.0,8.5,19.7,20.7,2.5,1.8,1.5
Slot1,Repeat2,Manual,IQT5,21,Slot1_21_Blue,Blue,Right,KN,0.00184631,0.00459479,0.00340347,13.6,12.3,20.0,7.4,24.0,20.2,2.6,3.9,2.3
Slot1,Repeat2,Manual,IQT5,22,Slot1_22_Blue,Blue,Right,KN,0.00234160,0.00477135,0.00335467,43.9,13.6,18.8,7.8,24.5,9.3,2.4,2.8,1.6
Slot1,Repeat2,Manual,IQT5,31,Slot1_31_Blue,Blue,Right,KN,0.00189783,0.00400653,0.00276597,12.0,15.9,11.3,7.1,29.5,13.8,2.7,2.2,1.8
Slot1,Repeat2,Manual,IQT5,32,Slot1_32_Blue,Blue,Right,KN,0.00226024,0.00479238,0.00350710,12.6,20.5,18.3,9.4,29.3,128.3,2.6,2.2,1.7
Slot1,Repeat3,Manual,IQT5,11,Slot1_11_Blue,Blue,Right,KN,0.00234732,0.00330850,0.00251385,28.0,22.3,25.2,17.7,32.9,7.7,2.4,1.8,1.6
Slot1,Repeat3,Manual,IQT5,12,Slot1_12_Blue,Blue,Right,KN,0.00218836,0.00322533,0.00285498,21.5,13.9,19.8,11.5,19.6,9.0,2.5,1.8,1.5
Slot1,Repeat3,Manual,IQT5,21,Slot1_21_Blue,Blue,Right,KN,0.00180052,0.00441986,0.00326488,11.2,12.7,19.2,7.4,23.8,7.7,2.7,3.8,2.3
Slot1,Repeat3,Manual,IQT5,22,Slot1_22_Blue,Blue,Right,KN,0.00220118,0.00443799,0.00307021,14.5,14.2,18.7,8.8,24.1,8.8,2.5,2.8,1.6
Slot1,Repeat3,Manual,IQT5,31,Slot1_31_Blue,Blue,Right,KN,0.00181877,0.00369629,0.00241334,19.5,16.9,11.1,9.5,28.9,7.8,2.7,2.2,1.8
Slot1,Repeat3,Manual,IQT5,32,Slot1_32_Blue,Blue,Right,KN,0.00210276,0.00436589,0.00302451,18.9,22.1,18.0,9.9,29.8,8.0,2.6,2.2,1.7
Slot3,Repeat1,Manual,IQT5,11,Slot3_11_Blue,Blue,Right,KN,0.00253295,0.00320371,0.00254718,24.3,25.7,34.4,12.6,31.2,11.5,2.2,1.6,1.5
Slot3,Repeat1,Manual,IQT5,12,Slot3_12_Blue,Blue,Right,KN,0.00234160,0.00327016,0.00265155,19.3,27.1,24.7,13.0,32.7,9.4,2.4,1.5,1.3
Slot3,Repeat1,Manual,IQT5,21,Slot3_21_Blue,Blue,Right,KN,0.00242786,0.00343617,0.00295281,27.3,12.8,19.9,10.5,16.6,14.6,2.6,1.5,1.5
Slot3,Repeat1,Manual,IQT5,22,Slot3_22_Blue,Blue,Right,KN,0.00256119,0.00427918,0.00313010,24.5,14.4,28.9,12.8,21.3,16.1,2.4,1.8,1.7
Slot3,Repeat1,Manual,IQT5,31,Slot3_31_Blue,Blue,Right,KN,0.00202839,0.00406533,0.00239268,19.8,20.3,9.3,9.2,27.8,4.1,2.7,2.2,1.7
Slot3,Repeat1,Manual,IQT5,32,Slot3_32_Blue,Blue,Right,KN,0.00230734,0.00452307,0.00332390,11.1,22.0,17.6,9.4,29.1,7.6,2.5,2.1,1.7
Slot3,Repeat2,Manual,IQT5,11,Slot3_11_Blue,Blue,Right,KN,0.00250272,0.00318031,0.00252963,41.0,26.6,30.7,11.8,31.3,6.6,2.3,1.6,1.5
Slot3,Repeat2,Manual,IQT5,12,Slot3_12_Blue,Blue,Right,KN,0.00234334,0.00328967,0.00267229,74.3,22.6,25.6,12.8,33.2,9.1,2.4,1.5,1.3
Slot3,Repeat2,Manual,IQT5,21,Slot3_21_Blue,Blue,Right,KN,0.00241168,0.00340966,0.00293029,22.8,12.8,21.2,12.5,16.8,8.8,2.6,1.5,1.5
Slot3,Repeat2,Manual,IQT5,22,Slot3_22_Blue,Blue,Right,KN,0.00254215,0.00426573,0.00311827,70.9,14.4,30.7,14.7,21.0,13.3,2.4,1.8,1.7
Slot3,Repeat2,Manual,IQT5,31,Slot3_31_Blue,Blue,Right,KN,0.00200447,0.00403852,0.00235794,12.1,20.7,9.3,9.2,28.6,4.9,2.7,2.2,1.7
Slot3,Repeat2,Manual,IQT5,32,Slot3_32_Blue,Blue,Right,KN,0.00228682,0.00450754,0.00330543,9.5,21.4,18.0,7.8,29.5,7.3,2.5,2.2,1.7
Slot3,Repeat3,Manual,IQT5,11,Slot3_11_Blue,Blue,Right,KN,0.00251620,0.00318253,0.00252785,27.5,26.2,32.5,12.6,31.5,10.6,2.2,1.6,1.5
Slot3,Repeat3,Manual,IQT5,12,Slot3_12_Blue,Blue,Right,KN,0.00232470,0.00328510,0.00266205,17.5,22.7,22.8,27.6,32.9,17.7,2.4,1.5,1.3
Slot3,Repeat3,Manual,IQT5,21,Slot3_21_Blue,Blue,Right,KN,0.00241031,0.00340230,0.00291837,26.8,12.6,20.3,13.9,16.7,18.8,2.6,1.5,1.5
Slot3,Repeat3,Manual,IQT5,22,Slot3_22_Blue,Blue,Right,KN,0.00253843,0.00425156,0.00310699,24.3,14.7,29.9,12.1,21.1,14.4,2.4,1.8,1.7
Slot3,Repeat3,Manual,IQT5,31,Slot3_31_Blue,Blue,Right,KN,0.00199579,0.00401770,0.00234246,28.7,20.9,9.1,1136.6,28.8,5.2,2.6,2.2,1.7
Slot3,Repeat3,Manual,IQT5,32,Slot3_32_Blue,Blue,Right,KN,0.00228558,0.00449074,0.00328661,11.5,21.8,18.6,7.9,29.5,29.5,2.5,2.2,1.7
Slot5,Repeat1,Manual,IQT5,11,Slot5_11_Blue,Blue,Right,KN,0.00240285,0.00331507,0.00241158,31.6,22.3,25.1,7.7,49.7,10.9,2.4,1.6,1.5
Slot5,Repeat1,Manual,IQT5,12,Slot5_12_Blue,Blue,Right,KN,0.00226617,0.00329061,0.00265007,25.5,15.6,19.8,7.6,22.4,6.4,2.6,1.5,1.4
Slot5,Repeat1,Manual,IQT5,21,Slot5_21_Blue,Blue,Right,KN,0.00234605,0.00359054,0.00279027,19.2,24.4,31.6,17.0,37.4,8.4,2.6,1.6,1.5
Slot5,Repeat1,Manual,IQT5,22,Slot5_22_Blue,Blue,Right,KN,0.00246664,0.00438982,0.00300678,34.3,8.0,15.5,16.6,9.6,21.4,2.5,1.9,1.7
Slot5,Repeat1,Manual,IQT5,31,Slot5_31_Blue,Blue,Right,KN,0.00173535,0.00383133,0.00242735,13.8,25.7,23.8,20.2,38.0,17.1,2.7,2.1,1.6
Slot5,Repeat1,Manual,IQT5,32,Slot5_32_Blue,Blue,Right,KN,0.00206213,0.00423457,0.00316165,20.4,27.2,25.0,20.5,32.7,21.5,2.6,2.2,1.8
Slot5,Repeat2,Manual,IQT5,11,Slot5_11_Blue,Blue,Right,KN,0.00240409,0.00331332,0.00241663,35.7,22.6,25.9,9.3,50.0,13.7,2.3,1.6,1.5
Slot5,Repeat2,Manual,IQT5,12,Slot5_12_Blue,Blue,Right,KN,0.00229365,0.00336340,0.00270458,21.9,15.3,19.3,23.5,22.4,10.3,2.5,1.5,1.4
Slot5,Repeat2,Manual,IQT5,21,Slot5_21_Blue,Blue,Right,KN,0.00236257,0.00360009,0.00278620,39.2,25.8,29.6,13.4,37.3,16.0,2.5,1.6,1.5
Slot5,Repeat2,Manual,IQT5,22,Slot5_22_Blue,Blue,Right,KN,0.00253162,0.00448767,0.00308283,17.5,7.9,14.8,12.3,9.6,49.2,2.5,1.9,1.7
Slot5,Repeat2,Manual,IQT5,31,Slot5_31_Blue,Blue,Right,KN,0.00176219,0.00384643,0.00243841,20.5,27.1,26.4,27.8,39.0,6.6,2.7,2.1,1.7
Slot5,Repeat2,Manual,IQT5,32,Slot5_32_Blue,Blue,Right,KN,0.00211257,0.00433597,0.00326234,36.3,26.1,25.6,19.2,32.8,7.4,2.5,2.2,1.8
Slot5,Repeat3,Manual,IQT5,11,Slot5_11_Blue,Blue,Right,KN,0.00240696,0.00329442,0.00241123,28.5,23.8,25.3,88.0,50.1,19.5,2.4,1.6,1.5
Slot5,Repeat3,Manual,IQT5,12,Slot5_12_Blue,Blue,Right,KN,0.00226543,0.00331696,0.00266892,17.1,15.4,19.6,69.3,22.5,7.6,2.5,1.5,1.4
Slot5,Repeat3,Manual,IQT5,21,Slot5_21_Blue,Blue,Right,KN,0.00234574,0.00359582,0.00279318,18.3,25.7,28.5,20.5,37.4,6.5,2.6,1.6,1.5
Slot5,Repeat3,Manual,IQT5,22,Slot5_22_Blue,Blue,Right,KN,0.00249095,0.00441692,0.00304436,18.1,8.1,138.7,11.3,9.7,3.8,2.5,1.9,1.7
Slot5,Repeat3,Manual,IQT5,31,Slot5_31_Blue,Blue,Right,KN,0.00173547,0.00385927,0.00245837,13.3,27.0,25.4,8.6,39.4,6.4,2.7,2.1,1.7
Slot5,Repeat3,Manual,IQT5,32,Slot5_32_Blue,Blue,Right,KN,0.00207402,0.00426913,0.00321383,33.4,26.3,24.4,16.7,32.9,13.7,2.5,2.2,1.8
